AMF,BMP,BUT,SMP,WMP
0.11984066614489401,0.033015889755528154,0.0844360853849448,0.2843121151547282,1.373113956994738
0.10788477778168729,0.04234711069183924,0.1907332868586661,0.47846355403389695,1.0897558205253508
0.10688468044481773,0.04165828524673317,0.18274177639121755,0.42113094662289435,1.145852656109602
0.10383978242236168,0.03898823765384997,0.125380972542264,0.24744076571378462,1.3667798834447449
