AMF,BMP,BUT,SMP,WMP
0.12655031615757717,0.036106700796048545,0.09619737540746699,0.33916123649101254,1.3107037822445353
0.09900477320675678,0.040451001243639415,0.17393563963695133,0.429428822087753,1.1751265595965492
0.09803699516973408,0.04110794446577655,0.1827827919646348,0.4297076850422949,1.1748124883502256
0.10103240801679836,0.04099482502639007,0.13481268187402734,0.28642611628694625,1.331710501213561
