AMF,BMP,BUT,SMP,WMP
0.1289537368148227,0.036951619929970515,0.0984563037678364,0.35178083969513474,1.2937842347019457
0.09878231299537973,0.040281343639671154,0.17292958135068526,0.42739469844917116,1.178974921327417
0.09785712769514164,0.041333516529640034,0.1835916227828117,0.431004008864334,1.1723391134206624
0.10319960566039897,0.04198854476583156,0.13679825463522055,0.2983869424889345,1.315393569248599
